NombreCompleto,Telefono,Ministerio,EstadoCivil,Bautizado,EstadoMiembro
ADIA CUEVAS,809-880-8362,JOVENES,CASADA,SI,ACT.
´ROSA MEDRANO,849-470-3086,DAMA,,,
ADRIA FELIX,,DAMA,,,
ADRIANA DE LA CRUZ,829-741-7389,JOVENES,SOLTERA,,
AHIEZER BALLESTERO,829-651-7223,CABALLERO,,,
AHILYN PERALTA,,ADOLESCENTE,,,DESC. (FUERA DE LA ZONA)
ALBA CASTRO,829-764-9922,DAMAS,CASADA,,
ALBA NELY AQUINO,809-397-4451,DAMAS,SOLTERA,,
ALEJANDRINA CABRERA APONTE (YARELIS),829-372-8284,JOVENES,CASADA,,
ALEX DE LA CRUZ DE LA ROSA,809-429-7574,CABALLERO,,,
ALEXANDER CASTRO,829-904-2336,CABALLEROS,CASADA,,
ALEXANDER PEREZ DE LOS SANTOS,829-570-2881,CABALLEROS,CASADA,,
ALEXANDRA BLANCO,849-270-2078,DAMAS,,,
ALEXANDRA SANTANA,829-673-6614,DAMAS,SOLTERA,,
ALFREDO HIDALGO,829-515-1313,CABALLEROS,CASADA,,Desc.
ALFRINA PAOLA ÁLVAREZ,,JOVENES,,,
ALMA ACEVEDO,,JOVENES,,,
ALTAGRACIA AMARILIS SANTANA,809-801-4687,DAMAS,CASADA,,
ALTAGRACIA BRINIT (KIKA),829-204-1531,DAMAS,SOLTERA,,
Álvarito López,809-840-5537,CABALLEROS,CASADA,,
ALVARO SEBASTIAN LOPEZ JIMENEZ,829-698-1396,JOVENES,CASADA,,Desc.
ALVELIN YAMEL LOPEZ JIMENEZ,829-698-1396,JOVENES,SOLTERA,,
AMARILIS N. S,809-667-0756,JOVENES,SOLTERA,,Desc.
AMBROISE ALCANTARA R.,829-827-7130,ADOLESCENTE,,,
AMY ROJAS SOTO,809-667-6380,ADOLESCENTE,,,
ANA CORDERO,849-752-5262,DAMAS,CASADA,,
ANA Delhis Rincón,829-763-4307,DAMAS,CASADA,,
ANA ESTHER GONZALEZ,829-219-0464,JOVENES,CASADA,,DESC.
ANDREA MONEGRO,849-249-1293,DAMAS,CASADA,,
ANDRÉS SIERRA,809-665-6969,,CASADA,,
ANDRES SIMS BURGOS,849-865-0174,JOVENES,CASADA,,
ANDY SILVESTRE,829-275-8832,JOVENES,SOLTERA,,
ANGEL MARTINEZ SOTO,809-206-1822,CABALLEROS,CASADA,,
Ángela Mejía Acevedo,829-973-0873,DAMAS,SOLTERA,,
ANGELICA GARCÍA,,,,,
ANTONY DE LA CRUZ DE LA ROSA,849-281-0168,JOVENES,SOLTERA,,DESC.
ARACELIS BATISTA,809-260-7092,DAMAS,SOLTERA,,
ARGEIRIS PACHECO PINALES,829-727-7338,ADOLESCENTE,,,
ARISLEIDY ROSARIO,829-943-3949,JOVENES,SOLTERA,,
AUDREY DIVICHE,829-477-4812,ADOLESCENTE,,,
AXEL CASTRO,829-619-7953,JOVENES,SOLTERA,,
Aylenis Carolina De Oleo Santana,829-330-6716,JOVENES,CASADA,,
BARTOLINA ACEVEDO (NINA),829-850-0005,JOVENES,SOLTERA,,
BEATRIS OGUIS FRANCISCO,809-910-7670,JOVENES,SOLTERA,,Desc.
BEATRIZ ALCANTARA,,,,,DESC.
BELKIS DURAN RAMIREZ,829-286-8780,DAMAS,CASADA,NO,
BELKIS REYES PACHECO,,DAMAS,,,
BERONICA BRITO,829-323-2518,JOVENES,SOLTERA,,
BOLIVAR LOPEZ,809-906-2680,CABALLEROS,CASADA,,
BRAYAN BLANCO,829-890-3273,JOVENES,CASADA,NO,
BRAYAN MATEO,849-633-1085,ADOLESCENTE,SOLTERO,,
BRAYAN PUJOLS,,ADOLESCENTE,,,
BRAYNER BLANCO,849-457-1650,JOVENES,SOLTERO,,
BRIGIDA REYES,809-383-0504,DAMAS,VIUDA,,
CAMINERO MERCEDES,809-835-7407,CABALLEROS,SOLTERO,,(EN OTRA IGLESIA)
CÁNDIDO HERNÁNDEZ,,CABALLEROS,CASADO,,NO ESTÁ ASISTIENDO)
CÁNDIDO PLACENCIO,829-848-0444,CABALLEROS,SOLTERO,,
CARLITA MONEGRO,,DAMA,,,
CARLOS OTNIEL ADAMES DE LA CRUZ,,ADOLESCENTE,,,
CARLOS VENTURA JIMENEZ,829-345-6308,JOVENES,CASADO,,
CARMEN FRÍAS TAVERAS,,DAMAS,CASADO,NO,
CAROLINA LEBRÓN,,DAMA,,,
CAROLINE MARTINEZ,,JOVENES,,,
CAYETANO DE LA ROSA,,CABALLEROS,CASADO,,
CECILIA AQUINO ADAMES (SHILA),849-205-7734,JOVENES,SOLTERA,,Desc.
CELESTE MERCEDES,809-837-2052,DAMAS,CASADO,,
CÉSAR DE LOS SANTOS,829-422-6932,JOVENES,CASADO,,
CESAREO JIMENEZ,,CABALLERO,,,
CESARINA FLORES,809-979-2535,DAMAS,CASADO,,
CHANTAL DEL POZO,809-968-9316,,,,
CLARIBEL DE LOS SANTOS (YORALIS),829-532-3493,JOVENES,CASADO,,
CLARIBEL RODRIGUEZ,809-763-3739,DAMAS,CASADO,,
CLER MARI GERALDO RODRIGUEZ,829-793-3739,JOVENES,,,
CONFESOR TORIBIO,,CABALLEROS,,,
CONY TURBI,829-610-1403,JOVENES,SOLTERA,,
CRHISNOR JEANVIL,,JOVENES,SOLTERA,,
CRISLEIDI PEREZ,,,SOLTERA,,
CRISMEILI DIAZ,,,,,
CRISMEIRY SYLVAIN MONEGRO,809-651-5063,ADOLESCENTE,,,
CRISMEYRI PAREDES,809-670-6768,JOVENES,CASADA,,
CRISTIAN FLORES,809-223-1100,CABALLEROS,CASADA,,
CRISTINA JULIAN DEL ROSARIO,809-670-6768,DAMAS,CASADA,,
CRISTINA SÁNCHEZ,,DAMAS,CASADA,,
CRISTOPHER DE LA CRUZ,829-428-3306,ADOLESCENTE,SOLTERA,,Desc.
DAFFINY YISSELL BERROA DÍAZ,809-773-2507,JOVENES,CASADA,,
DAHIANA MICHELL DEL ROSARIO,,JOVENES,SOLTERA,,Desc.
DALIA S. MENDEZ,809457-3436,DAMAS,SOLTERA,,
DAMARIS MARTINEZ,829-745-9061,JOVENES,CASADA,,
DANIADHELIS MEJIA,,JOVENES,SOLTERA,,
DANIELA MEJIA CEDEÑO,809-454-7070,JOVENES,SOLTERA,,
DANILO MEJIA,829-912-7580,CABALLEROS,SOLTERA,,Desc.
DANNILEISI DIONISIO,,JOVENES,,,
DANNY RICHIEZ,829-881-8014,JOVENES,,,
DARISA MONTERO,829-350-0890,JOVENES,CASADA,,
DAURY MOTA,809-439-8673,JOVENES,CASADO,,
DAVERLIN OLAVERRIA,829-670-5041,ADOLESCENTE,,,
DAVID PEREZ,829-707-7839,CABALLEROS,COMPRO.,,
DAYELIN,,ADOLESCENTE,,,
DEBORA DE LA CRUZ,849-631-3191,JOVENES,CASADA,,
Debora Esther Brown,829-792-4708,JOVENES,SOLTERA,,
DENIS VILLANUEVA,,DAMAS,CASADA,,
DENNI JAVIER DE LA CRUZ DE JESUS,829-347-3845,JOVENES,SOLTERO,,Desc.
DIANE PAULETTE LAM MINIER ,829-663-0240,DAMAS,CASADA,,
DILCIA MERCEDES,809-441-6021,DAMAS,SOLTERO,,
DIOSMERLYS JAQUEZ,,DAMA,,,
DOLORES ADAMES,809-720-7734,DAMAS,SOLTERO,,
DOLORES DE LA CRUZ,,DAMA,CASADA,,
DOLORES REYES CASTILLO (LOLITA),829-253-8545,DAMAS,CASADA,,
DOMINGA MERCEDES,829-782-5522,DAMAS,CASADA,,
DOMINGO MARTE,829-521-5724,CABALLEROS,CASADO,,
DOMINGO TRINIDAD ,829-994-9188,JOVENES,CASADO,,
DORAYNA SEGURA,809-849-3309,DAMAS,CASADO,,
DORKA DIAZ,829-314-4103,DAMAS,CASADA,,
EDDY ROJAS,,,CASADO,,
EDDY VIZCAINO,809-977-6270,CABALLEROS,CASADO,,
EDGAR AYBAR,829-652-1574,JOVENES,CASADO,,
EIMY RODRIGUEZ MARTE,,,SOLTERA,,
ELENA ALTAGRACIA OVALLES,,DAMA,,,
ELIANNY DE LA CRUZ,849-344-1570,ADOLESCENTE,,,
ELISA MATEO,829-749-1247,JOVENES,,,
ELIZA MARTE,809-727-5426,JOVENES,SOLTERA,,
ELIZABETH MONTERO (CHABELA),829-685-8776,DAMAS,CASADA,,
ELIZABETH NISALY BURGOS MONTAS,829-887-7990,JOVENES,SOLTERA,,
ELIZABETH VASQUEZ HERNÁNDEZ,809-901-5215,ADOLESCENTE,,,Desc.
ELVIDO DE LA ROSA HERRERA,829-647-5575,CABALLERO,,,
ELVIN PUJOLS SANDOVAL,,ADOLESCENTE,,,
ELVIS ALMANZAR,809-802-5694,CABALLEROS,SOLTERO,,
ELVIS GARCIA,809-402-4605,JOVENES,CASADO,,
EMELI CRISTAL PAREDES,,ADOLESCENTE,,,
EMELI MINGO,,ADOLESCENTE,,,
EMILIA FRANCISCO ESTEVEZ,809-303-2416,DAMAS,SOLTERA,,
ENMANUEL ENRIQUE GONZALEZ DE LA CRUZ,849-538-2095,ADOLESCENTE,,,
ENMANUEL MARTÍNEZ LARA,829-525-4917,PREADOLESCENTE,,,
ERIKA MONTÁS,829-369-8214,DAMAS,,,
EROY MELO MARTINEZ,829-958-1111,CABALLEROS,,,
ESMIRNA RODRIGUEZ MARTE,,,SOLTERA,,
ESPERANZA PEREZ,829-866-2437,DAMAS,SOLTERA,,
ESQUELIN FELIZ FELIZ,829-399-3733,CABALLEROS,CASADO,,
Estefany Martir,829-781-6122,DAMAS,SOLTERA,,Desc.
ESTELA LEBRÓN,809-512-7009,DAMAS,CASADA,,
Esterlin Gabriel Santana Nolasco,,JOVENES,CASADO,,
ESTHER MONTILLA PEREZ,849-883-2374,DAMAS,CASADA,,
ESTHER REYES,829-639-9819,JOVENES,CASADA,,Desc.
ESTHER SIMON RODRIGUEZ,,ADOLESCENTE,,,
EUGENIA DE LEON,829-336-7220,DAMAS,CASADA,,
EUGENIA MARTINEZ,,DAMAS,,,
EURY PAREDES DE LEON,809-394-3717,ADOLESCENTE,CASADO,,
EVELIN PAYANO DE MONEGRO,809-299-9734,DAMAS,,,
EZEQUIEL CRUZ,829-775-2726,CABALLEROS,CASADO,,
FAUSTINA MELANIA RAMIREZ,,,,,
FELIPE BATISTA,809-760-7000,CABALLEROS,CASADO,,
FELIX ANTONIO CABRERA LINARES,,CABALLERO,,,
FELIX MONTILLA,809-271-6840,CABALLEROS,CASADO,,
FELIX RUIZ ROSARIO,,CABALLERO,CASADO,,
FERNANDO CABRERA,849-4036999,CABALLEROS,SOLTERO,,
FIORDALIZA MORALES,829-280-6702,DAMAS,CASADO,NO,
FIORDALIZA NOVA,809-350-4940,DAMAS,,,
FIORYELIS PINALES MORALES,849-433-9649,ADOLESCENTE,,,
FRANCELIS MOLINA,809-439-8673,JOVENES,CASADA,,
FRANCELY LORENZO,849-449-0139,JOVENES,,,
FRANCIA E. SOLIVEY,829-543-8093,JOVENES,SOLTERA,,
FRANCISCA SOLIBEY BREA,809-708-3547,DAMAS,SOLTERA,,
FRANCISCO ALBERTO MERCEDES,809-467-9315,JOVENES,CASADO,,
FRANCISCO SANTANA (KIKILO),829-917-0911,CABALLEROS,CASADO,,
FRANCISCO SANTIAGO,,CABALLEROS,,,
FRANCISCO SOLER,809-886-0410,CABALLEROS,,,
FRANKELI SANTANA SORIANO,849-806-8751,ADOLESCENTE,,,
FRANKEURY Rosario,829-970-2490,ADOLESCENTE,,,DESC.
FREISYS MATEO RAMON,829-438-6811,JOVENES,CASADA,,
GABRIEL CASTRO FLORES,,ADOLESCENTE,,,
GABRIEL ESTEBAN Familia,809-415-1242,ADOLESCENTE,,,
GANDY SOSA,809-223-8768,JOVENES,CASADA,,Desc.
GASPAR JEDI,,CABALLERO,,,
GEIDY VERAS,829-260-6310,DAMA,CASADA,,
GEILY DIVICHE,829-477-4812,ADOLESCENTE,,,
GEMERSON,,JOVÉNES,,,
GENESIS CAROLAY CALDERON ADAMES,809-767-0326,JOVENES,,,DESC.
GENESIS MEJIA,829-646-6079,JOVENES,SOLTERA,,
GÉNESIS SANDOVAL,809-209-7887,JOVENES,SOLTERA,,
GEORGINA MARTINEZ,829-883-1893,,EN UNIÓN,,
GERSON BURGOS MEJÍA,,CABALLERO,,,
GERSON OTONIEL VERAS,,,,,
GIANA ESTHER CORONADO,809-671-6801,DAMA,,,
GLENIS GOMEZ,809-837-7547,DAMAS,CASADA,,
GRACE BENITEZ,829-690-3081,JOVENES,CASADA,,
HAMLET ROJA,829-753-9778,,,,
HARABEL DÍAZ DE MELO,809-656-4386,DAMA,,,
HARRY GIL MORA,849-488-8145,CABALLERO,CASADO,,
HECTOR OLIVO,829-937-1107,CABALLEROS,SOLTERO,,
HENRY MANUEL BELÉN,,CABALLERO,,,
HERIBERTA HERRERA,829-624-2901,DAMAS,SOLTERO,,
HIDALIA FALETTE REYES,829-933-0842,JOVENES,CASADA,,
HIDREE VIANELA BATISTA B.,,ADOLESCENTE,,,DESC.
HYPATIA ESTEVEZ ESTRELLA,829-580-2426,ADOLESCENTE,,,
INDIRA DOÑE RODRIGUEZ,829-784-8348,DAMAS,CASADA,,
INGRID ALEXANDRA DE JESUS,809-454-1570,DAMAS,SOLTERA,,
INGRIT RAMOS DE DE LA CRUZ,809-452-1530,DAMAS,CASADA,,
ISRAEL CABRERA ,829-668-8302,JOVENES,SOLTERO,,
ISRAEL ECHAVARRIA,809-672-4519,JOVENES,,,
JACQUELINE JIMENEZ,809-452-4724,DAMAS,CASADA,,
JAIME NICOLAS DE LA CRUZ,,ADOLESCENTE,,,
JAINIERE DE LA CRUZ,809-258-6216,CABALLEROS,CASADO,,
JAIRO ROMERO,829-993-9714,JOVENES,CASADO,,
JAISON MATOS,829-674-9103,JOVENES,,,
JANIRI BIEMEME,829-714-7486,JOVENES,CASADA,,
JAVES DE LEÓN,,JOVENES,,,
JEFRY SAZOFONISTA,,,CASADO,,
JENNIFER DE LA CRUZ,829-828-3952,JOVENES,,,DESC.
JENNY ESPERANZA JACOBO JIMENEZ,,JOVENES,,,DESC.
JOAQUINA ALCANTARA,829-447-6488,DAMAS,VIUDA,,
JOEL CASTILLO,849-847-6621,JOVENES,,,
JOHAN APONTE,,CABALLEROS,CASADO,,
JOHANA BRITO,809-413-6688,JOVENES,,,DESC.
JOHN JERES,829-388-8768,CABALLEROS,,,
JOHN PEREZ FERNAND,849-341-2675,JOVENES,,,DESC.
JONAS DAVID HERNÁNDEZ DE LA CRUZ,809-250-5500,JOVENES,COMPR.,,
JONATAHN PEREZ,829-326-6201,CABALLEROS,CASADO,,
JONATHAN DAVID GUERRERO,849-889-4726,JOVENES,,,
JONATHAN JOSÉ CRUZ,,,SOLTERO,,
JONATHAN MERCEDES,829-755-7345,JOVENES,CASADO,,
JONATHAN ORTIZ,829-765-8841,,,,
JONATHAN TEJADA,809-849-2684,JOVENES,CASADO,,
JONNY DE LUNA EVANGELISTA,829-965-7669,JOVENES,,,DESC.
JORGE LUIS BASTARDO CONTRERAS,,JOVENES,CASADO,,
JORGE LUIS MEDINA MARTINEZ,829-325-0124,JOVENES,,,
JOSE ALBERTO CORPORAN,809-827-6241,JOVENES,CASADO,,
JOSE ANTONIO CUSTODIO,829-513-0319,JOVENES,CASADO,,
JOSÉ CORPORAN,,CABALLEROS,CASADO,,
JOSÉ GRULLÓN,,CABALLEROS,,,DESC.
JOSE GUZMAN GOMEZ,829-649-1065,JOVENES,CASADO,,DESC.
José Manzanillo,829-591-5619,CABALLEROS,EN UNIÓN,NO,
JOSÉ RICHIEZ,829-881-8014,,,,
JOSELIN FELIX,829-380-6258,DAMAS,SOLTERA,,
JUAN ANTONIO POLANCO GARCIA,,ADOLESCENTE,,,
JUAN CARLOS ADAMES,829-689-1984,JOVENES,CASADO,,DESC.
JUAN CARPIO,829-863-6610,,,,
JUAN GARCÍA,829-233-5497,CABALLERO,,,
JUAN JULIO ROBLES,,,,,
JUAN RODRIGUEZ REINOSO,809-395-3012,CABALLEROS,CASADO,,
JUANA DANIEL MEJIA,829-742-0201,DAMAS,CASADA,,
JUANA FERNANDEZ,829-269-7105,DAMAS,SOLTERA,,
JULIA MIESES FERMIN,,DAMAS,VIUDA,,
JULIO GUERRERO,,,,,
KARINA DE LA CRUZ,829-248-2727,JOVENES,SOLTERA,,
KATHERIN CLAVEL PUJOLS MARTINEZ,809-962-7335,JOVENES,CASADA,,DESC.
KELVIN PUJOLS,829-246-2760,CABALLEROS,CASADO,,
KENDRA NADAL,809-864-1390,DAMAS,SOLTERA,,
KENIA SANTOS,809-632-1173,DAMAS,,,
KENIFER FAMILIA,809-694-3910,DAMAS,CASADA,,
KETIA SÁNCHEZ,829-856-9074,JOVENES,,,
LAURA MARIE MERCEDES MELLA,829-883-2449,ADOLESCENTE,,,
LEIDA ALCÁNTARA,,JOVENES,,,
LEONARDO,829-969-7314,JOVÉNES,SOLTERO,,DESC.
LIDIA MORALES,,,SOLTERA,,
LISAURA ALCANTARA GARCIA,829-591-5799,JOVENES,CASADA,,DESC.
LISMEIRY AMADOR,829-980-1950,DAMA,,,
LISS EMIL GERARDO RODRIGUEZ,849-209-3739,ADOLESCENTE,,,
LOURDES COLON,,DAMAS,VIUDA,,
LUCIA DE COPRORAN,849-408-4987,DAMAS,CASADA,,
LUCIA PELAGIO SANTOS,829-342-8569,DAMAS,,,
LUIS ADDERLI COSTIL,809-457-7933,JOVENES,CASADO,,
LUIS ANTONIO ROMERO LOPEZ,829-367-8227,CABALLERO,,,
LUIS ANTONIO SANCHEZ,829-401-1088,JOVENES,SOLTERO,,
LUIS CARLOS CORDERO,,JOVENES,,,DESC.
LUIS CUELLO,809-953-4720,CABALLEROS,SOLTERO,,
LUISA DE LEÓN,829-843-2726,DAMAS,CASADA,,
LUISA MAÑON,809-994-8018,DAMAS,CASADA,,
LUISA SANTANA,829-301-6398,JOVENES,SOLTERA,,
LUS BEATRIZ MERCEDES MELLO,849-283-8686,ADOLESCENTE,,,
LUZ MARÍA DOMÍNGUEZ,809-225-8450,DAMAS,CASADA,,
LUZ MARÍA RODRIGUEZ CAMPUSANO,,DAMA,,,
MABEL MATEO,809-753-5523,DAMAS,SOLTERA,,
MADELIN ANGELA DELVA MARTINEZ,829-648-4161,JOVENES,SOLTERA,,
MADELIN DÍAZ,829-294-7748,DAMAS,CASADA,,
MAGALIS DE LA CRUZ,829-885-8846,DAMAS,EN UNIÓN,,
MANASES DE LEÓN,,JOVENES,,,
Manolo López ,,CABALLEROS,SOLTERO,,
MANUEL ANTONIO MELLA JIMENEZ,849-541-5237,ADOLESCENTE,,,
MANUEL MATA,809-377-8533,JOVENES,,,DESC.
MANUEL NUÑEZ,809-696-2137,JOVENES,,,
MARCEL CARRASCO,829-819-6038,ADOLESCENTE,,,
MARCELINA DIPREE (OLGA),829-899-4568,DAMAS,SOLTERA,,
MARCO BAEZ VERAZ,809-436-7175,JOVENES,CASADO,,(FUERA DE LA ZONA)
MARIA A. CASTILLO,829-932-6618,DAMAS,CASADA,,
MARIA CORNIEL,829-674-0806,DAMAS,SOLTERA,,
MARIA FERNANDA ESPIRITUSANTO DE LA ROSA,829-962-5194,DAMAS,EN UNIÓN,,
María Florentino Reyes (Clara),809-491-6086,DAMAS,SOLTERA,,
MARIA GABRIELA LARA DOÑÈ,,ADOLESCENTE,,,
MARIA LUCERO ENCARNACIÓN HERNÁNDEZ,829-625-6820,ADOLESCENTE,,,
MARÍA MATEO,829-855-5476,DAMAS,CASADA,,
MARIA PEROZO,809-753-2166,DAMAS,CASADA,,
MARÍA YAMILEX FELIZ,,,,,
MARIBEL CASILLA,809-463-5691,DAMAS,CASADA,,
MARIBEL ESPIRITUSANTO,809-844-9776,DAMAS,CASADA,,
MARIEL GARCIA CORNIEL,829-320-2308,JOVENES,SOLTERA,,
MARIELSY REYNOSO,809-432-4082,DAMAS,SOLTERA,,
MARILENNY GONZALEZ,,,CASADA,,
MARILENNY SANTOS,809-861-5318,DAMAS,CASADA,,DESC.
MARILIN DEL ROSARIO,809-330-2269,DAMAS,CASADA,,
MARINO RAMIREZ,829-970-0660,JOVENES,CASADO,,
MARLENE JOSILE,809-905-2488,DAMAS,,,
MARTHA RAMÓN,829-371-9940,DAMA,CASADA,,
MARTHA TORIBIO,809-546-0161,DAMAS,CASADA,,
MARTINA REYES R. (HEIDY),809-876-1960,DAMAS,CASADA,,
MARY YISSEL BERROA,829-677-2027,DAMAS,CASADA,,
MASIEL MARTE,829-308-5201,JOVENES,CASADA,,
MASSIEL MERCEDES CORSINO,809-821-2537,JOVENES,SOLTERA,,
MASSIEL PEÑA,809-850-1724,JOVENES,SOLTERA,,
MATILDE MARTINEZ,829-206-1887,DAMAS,SOLTERA,,
MAX PACHECO,829-261-3177,JOVENES,CASADO,,
MAXIMINA MONTERO,,DAMA,,,
MAYLE MATHIU,809-391-0672,JOVENES,SOLTERA,,
MELVALY  MONTAS,829-857-5352,ADOLESCENTE,,,
MELVIN MINGO,829-728-3563,CABALLEROS,CASADO,,
MERCEDES LEBRÓN,809-861-4794,DAMAS,CASADA,,
MERCEDES PEREZ FERMENTACION,,DAMAS,,,
MERIANNI DE LA CRUZ CASTILLO,,ADOLESCENTE,,,DESC.
MICHAEL MARTINEZ SORIANO,,ADOLESCENTE,,,
MICHEL ESTHER MERCEDES CORCINO,,ADOLESCENTE,,,DESC.
MICHELL ALEXA SANTANA,,JOVENES,,,DESC.
MIGUEL ANGEL  JAVIER,809-297-8577,JOVENES,,,
MIGUEL FERRERA,,,,,
MIGUELINA DE APONTE,,DAMAS,CASADA,,
MILAGROS REYES,829-247-3111,DAMAS,CASDA,,
MILANDIA MEDRANO,,JOVENES,,,
MILENDRY DE LA CRUZ,849-806-8134,JOVENES,COMPR.,,
MILFI LORENZO ,849-751-2523,DAMAS,CASADA,,
MINORKIS LAUREANO,809-315-2731,JOVENES,CASADA,,
MIRIAM BURGOS MEJÍA,,DAMA,,,
MISAEL AMABLE TAVERA,,JOVENES,CASADO,,
MIXARY MOREL VALDEZ,,ADOLESCENTE,,,
MIXGELIS CANELONES,809-409-1248,JOVENES,CASADA,,
MODESTA SÁNCHEZ,890-938-0384,DAMAS,CASADA,,
MOISES ANGEL PEREZ LEBRÓN,,ADOLESCENTE,,,
MOISES DE LA CRUZ,809-465-7485,CABALLEROS,CASADA,,
MOISÉS HERNÁNDEZ,,ADOLESCENTE,,,
MOISÉS SANTANA,,JOVENES,SOLTERO,,
MYA ISABEL HIDALGO DÍAZ,809-780-0936,ADOLESCENTE,,,
NACHELY SEVERINO PINALES,809-981-2838,ADOLESCENTE,,,
NAHIONY LISETTE DELVA,,ADOLESCENTE,,,
NANCY PIMENTEL,829-862-0543,DAMAS,CASADA,,
NARCISA REYES,809-772-4940,DAMAS,SOLTERA,,
NATANAEL AQUINO,829-670-6668,CABALLEROS,CASADO,,
NATHALIA JIMENEZ,829-716-9177,DAMAS,EN UNIÓN,,
NATHALIA PINALES,829-701-6764,JOVENES,SOLTERA,,
NATHANAEL MONEGRO,829-742-1193,JOVENES,SOLTERO,,
NATIVIDAD BURGOS,849-247-0643,DAMAS,SOLTERA,,
NEFTHALÍ RUÍZ,829-828-5354,JOVENES,CASADO,,
NELLY ESTHER CORONADO PAULINO,809-397-4451,DAMAS,CASADA,,
NELSON YAMIL,829-814-5778,CABALLEROS,CASADO,,
NEPHFLY DELAROSE,,JOVENES,,,
NERILOZA TATIS,809-953-1563,DAMAS,,,
NICKSON ALCÁNTARA,,ADOLESCENTE,,,
NICOLASA REINA (DAVEIVA),829-349-6051,DAMAS,CASADA,,
NIKAURY MEJÍA ACEVEDO,829-528-2348,,,,
NILSON PUJOLS,809-923-5308,CABALLEROS,CASADO,,DESC.
NOELIA DE LA ROSA,,ADOLESCENTE,,,
NOELIA RAMIREZ,809-507-9704,JOVENES,,,
NOERY DE LA ROSA,,ADOLESCENTE,,,
ODALIS PLANAS,849-457-1650,DAMAS,CASADA,,
OMAR JHONSONN,829-766-7574,CABALLEROS,CASADO,,
ONASIS RAMÍREZ,829-761-0714,JOVENES,CASADO,,
OSCAR SUERO TERRERO,809-398-3219,CABALLEROS,CASADO,,
PABLO CARELA,809-890-7513,JOVENES,SOLTERO,,
PAMELA MELO,829-504-4243,JOVENES,CASADA,,
PAOLA DE LA CRUZ,849-253-0395,JOVENES,COMPR.,,
PAOLA ROSARIO,829-293-5530,DAMA,CASADA,,
PAOLA SOLIVEY RINCON,829-370-4672,JOVENES,,,DESC.
PAOLA YOLAINY POLANCO REYES,829-723-8232,ADOLESCENTE,SOLTERA,,
PATRICIA BAUTISTA,829-933-6824,JOVENES,,,
PATRICIA GARCÍA,829-912-3899,,,,
PATRICIA MONTILLA,809-774-3117,JOVENES,,,
PEDRO RODRIGUEZ,809-821-1711,JOVENES,CASADO,,
PENELOPE CRUZ,,,CASADA,,
PERLA RACHELL JULIAN,,JOVENES,,,DESC.
PORFIRIA MATEO,829-319-9500,JOVENES,SOLTERA,,
PORFIRIA MORETA,829-835-0175,DAMAS,,,
PURA ACEVEDO,809-702-2442,DAMAS,CASADA,,
RADAME,809-408-8145,CABALLEROS,,,
RAFAEL FLORENTINO CARVAJAL,829-496-1414,CABALLEROS,,,
RAFAEL ROSA,829-493-2613,CABALLEROS,CASADO,,
RAFAELA JUAN DE DIVICHE,829-477-4812,DAMAS,CASADA,,
RAFHAEL ATTORH,829-862-0543,CABALLEROS,CASADO,,
RAFREISYS MARTE MATEO,,ADOLESCENTE,,,
RAMÓN GONZALEZ,809-662-6442,,,,
RAMY CRUZ,,,,,
RANDY DE LA CRUZ,829-219-0944,JOVENES,,,DESC.
RANSES ROJAS SOTO,809-847-6951,JOVENES,,,
RAQUEL SORIANO,829-586-7317,DAMAS,CASADA,,
RAUL JARVIS,809-904-6169,CABALLEROS,CASADO,,
RAULIN BERROA REYES,829-965-4033,JOVENES,CASADO,,DESC.
RAYMERI PEREZ,829-363-8181,JOVENES,,,DESC.
RAYNEL RAFAEL ,849-434-9018,ADOLESCENTE,,,
REINA ESTRELLA,,,,,
REMIGIO DE A CRUZ,809-451-8423,CABALLEROS,CASADO,,
RENDY DE LA CRUZ,,JOVENES,,,DESC.
RENE CAMBERO,829-685-8597,CABALLEROS,CASADO,,
REY ROSENDO,849-353-0695,CABALLEROS,CASADO,,
REYNA ESTRELLA,829-580-2426,DAMAS,,,
RONIRCA MATEO,829-319-9500,JOVENES,SOLTERA,,
ROSA FARA PEÑA,,JOVENES,,,
ROSANNA CUELLO,,,,,
ROSANNA GARCÍA,829-708-1233,DAMAS,EN UMIÓN,,
ROSANNI MEJIA DE MERCEDES,829-870-7689,JOVENES,CASADA,,
ROSELYS MEJIA RINCON,829-502-9677,JOVENES,,,DESC.
ROSENDO MEJIA,809-360-5086,CABALLEROS,CASADO,,
ROSMARY CORPORAN ,,JOVENES,,,
ROSSE TATIANA MENDOZA,,PREADOLESCENTE,,,
RUDY VALDEZ,829-536-4126,DAMAS,SOLTERA,,
RUTH ADAMES,,DAMAS,,,DESC.
RUTH ESTHER JOAQUIN DE GUZMAN,829-740-1065,JOVENES,CASADA,,
RUTH ESTHER MARTÍNEZ LARA,849-210-8786,ADOLESCENTE,,,
RUTH ESTHER REYNOSO,,,,,TRASL. San P.
SAGRARIO ABREU DIAZ,829-566-4342,DAMAS,SOLTERA,,
SAIDY YOLAIDY GERONIMO REYES,809-802-8243,JOVENES,SOLTERA,,
SALVA DORA RAMON,809-436-2575,DAMAS,SOLTERA,,
SANDRA CASTILLO,829-498-4954,DAMAS,CASADA,,
SANDRA JEANETTE RODRIGUEZ,809-493-5386,DAMAS,,,
SANDRA MAGALYS TORRES MEDINA,,DAMA,,,
SANDRA RESTITUYO,809-516-7245,DAMAS,CASADA,,
SANDRA TEJADA,849-353-2618,DAMAS,CASADA,,
SANTA CONTRERAS,,DAMAS,CASADA,,
SANTA DE LA ROSA,,ADOLESCENTE,,,
SANTA DEL ROSARIO BOLQUEZ,829-856-0982,DAMAS,CASADA,,
SANTA FERNANDEZ,809-275-0646,DAMAS,CASADA,,
SANTA MARISOL GUZMAN CARMONA,,DAMAS,,,
SARAH GARCÍA,829-322-0406,JOVENES,,,
SARIANNY DE LA ROSA,,ADOLESCENTE,,,
SOBEIDA MERCEDES MEJIA,829-246-1453,DAMAS,EN UNIÓN,,
SONIA DE LA CRUZ,809-758-9254,DAMAS,SOLTERA,,
SONIA SANTOS,809-627-7879,DAMAS,CASADA,,
SORAIDA RAMOS,,DAMAS,,,
SORANGEL JAZMÍN,,ADOLESCENTE,,,
STEVEN SANTANA SORIANO,849-272-7500,JOVENES,SOLTERO,,
SUNILDA MARTINEZ,829-642-9258,JOVENES,,,Descarriada 
SUSANA LUMAR MELO HERNÁNDEZ,809-249-9155,JOVENES,,,
SUSY ROCK,829-814-9106,JOVENES,SOLTERA,,
TINA FRÍAS,829-894-2590,JOVENES,SOLTERA,,
VIANELA BLANCO,809-228-1971,DAMAS,CASADA,,
VICKIANA LAR PEREZ,829-807-0243,DAMAS,CASADA,,
VICTOR AMADOR TAVAREZ,829-843-8144,JOVENES,CASADO,,
VICTOR PAREDES,809-387-0395,CABALLEROS,CASADO,,
VICTORIA GUERRERO (MELITA),829-323-7501,DAMAS,SOLTERA,,
VIRGINIA BOLQUEZ,829-424-7315,DAMAS,CASADA,,
WANDA AINEK SOSA,829-276-9591,DAMAS,,,
WANDA ARIAS,,DAMA,,,
WANDA RODRIGUEZ,809-660-7621,DAMAS,SOLTERA,,
WANDER COLLADO GARCIA,829-972-9076,JOVENES,SOLTERA,,
WANDER LEBRON,809-720-6339,JOVENES,CASADO,,
WELVIN HERNÁNDEZ,809-852-7440,JOVENES,CASADO,,
WENDY CRUZ,,DAMA,CASADA,,
WENDY RODRIGUEZ,829-702-2832,DAMAS,CASADA,,
WILLIAM ALBERTO MENA,,ADOLESCENTE,,,
WILLIANNY LEBRÓN,849-656-8253,ADOLESCENTE,,,
WILLY EMILIANO,,ADOLESCENTE,,,
WILMA MANUEL FORTUNA,829-766-3646,JOVENES,,,DESC.
WILSON FERNÁNDEZ MINAYA,,,,,
WILY EMILIANO,,ADOLESCENTE,,,
WILY SANTOS,849-340-4530,JOVENES,CASADO,,
WILY SANTOS,809-431-7512,JOVENES,,,
Wislander Agustín Santana,829-726-9801,JOVENES,CASADA,,
WOLFAN LÓPEZ,,CABALLERO,CASADO,,
XIOMARA CORNIEL,829-386-8755,DAMAS,SOLTERA,,
YAHAIRA GARCÍA GALAN,809-361-7779,DAMAS,CASADA,,
YAJAIRA MERCEDES,829-884-2847,DAMAS,CASADA,,
YAJAIRA RAMIREZ DURAN,829-316-9113,JOVENES,,,
YAKALI DE LA CRUZ,849-880-3111,JOVENES,CASADA,,
YAMIRA GATÓN,809-803-7072,DAMAS,CASADA,,
YANDEIRI CARABALLO,,JOVENES,,,
YANELI LUIS MARTE,809-305-7970,JOVENES,CASADA,,
YAQUE MONTERO,829-707-5734,CABALLEROS,CASADO,,
YARI MOYA,829-569-6325,JOVENES,CASADA,,
YASMIN RODRIGUEZ FORTUNA,829-345-6308,JOVENES,CASADA,,
YEELHA JOSEPH,829-957-8213,DAMAS,,,
YEIMI GIL WILLIAMS,809-514-7823,DAMAS,CASADA,,Desc.
YELISA BELLIARD CRUZ,829-263-7063,DAMAS,CASADA,,
YENSI JHONSON,829-204-9572,JOVENES,SOLTERO,,
YERHAINY SEVERINO,829-308-9443,JOVENES,CASADA,,
YESSICA CONTRERAS,809-785-3959,DAMAS,CASADA,,
YEUDIS RAMIREZ,829-283-5818,DAMAS,,,
YIRONELIS RODRIGUEZ,809-610-2486,JOVENES,,,DESC.
YISSEL RODRIGUEZ,809.817-2198,DAMAS,,,
YOJANSI FRANCO,,,,,
YOKALIS MANZANILLO,809-753-4176,DAMAS,CASADA,,
YORGELIS ZORRILLA,829-994-8929,JOVENES,CASADA,,
YOVANKA MOREL ,809-606-7807,DAMAS,CASADA,,
YSLIANNE VIANELA BATISTA B.,829-752-1199,JOVENES,,,DESC.
YUBELIKS TAVARES,,DAMAS,,,
YUDELKA PAULINO,829-638-5352,DAMAS,CASADA,,
YUDELKIS TORIBIO,809.641-4551,DAMAS,SOLTERA,,
YULAYDI REYES,,,,,
YUNIEIRIS RUBÍ CONTRERAS,829-350-2216,ADOLESCENTE,,,
ZENAIDA GARCÍA ALVÁREZ,809-814-7625,DAMA,,,
ZOE GARCÍA,829-214-6732,ADOLESCENTE,,,
ZOE MARTE MATEO,,ADOLESCENTE,,,
ZULEIKA SANDOVAL,809-352-6920,JOVENES,,,
